Reichelt-Artikelnr.,Bezeichnung,Menge,Verwendung,Link
6N 139,"Optokoppler, DIP-8",1,U1,https://www.reichelt.de/de/de/shop/produkt/optok-darl_2_5kv_18v_60ma_dip8-2860
SN 7406N TEX,"Hex-Inverter Open-Kollektor, DIL-14",1,U2,https://www.reichelt.de/de/de/shop/produkt/inverter_hex_4_75_5_25_v_dil-14-216958
1N 4148,"Schaltdiode, DO-35",1,D1,https://www.reichelt.de/de/de/shop/produkt/schalt-diode_100_v_150_ma_do-35-1730
METALL 220,"Widerstand 220 Ohm, Metallschicht, 0207",3,"R1, R3, R4",https://www.reichelt.de/de/de/shop/produkt/widerstand_metallschicht_220_ohm_0207_0_6_w_1_-11627
"METALL 4,70K","Widerstand 4,7 kOhm, Metallschicht, 0207",1,R2,https://www.reichelt.de/de/de/shop/produkt/widerstand_metallschicht_4_70_kohm_0207_0_6_w_1_-11784
X7R-5 100N,"Keramikkondensator 100 nF, X7R, RM 5",2,"C1, C2",https://www.reichelt.de/de/de/shop/produkt/vielschicht-kerko_100_nf_50_100_v_x7r_10_rm_5_0-22865
GS 8P,"IC-Sockel, 8-polig",1,U1,https://www.reichelt.de/de/de/shop/produkt/ic-sockel_8-polig_superflach_gedreht-8231
GS 14P,"IC-Sockel, 14-polig",1,U2,https://www.reichelt.de/de/de/shop/produkt/ic-sockel_14-polig_superflach_gedreht_vergold_-8207
"SL 1X36G 2,54","Stiftleiste 36-polig, gerade, RM 2,54",1,J1-J6 (18 Pins),https://www.reichelt.de/de/de/shop/produkt/-19504
DEBO KABELSET19,"Steckbrückenkabel 40 Adern, Buchse-Buchse, 15 cm",1,Kabel J1-J6 (18 Adern),https://www.reichelt.de/de/de/shop/produkt/-282699
